,Membership
Techyan,True
Huihengchen,True
Tanimodori,True
七个点,True
佛壁灯,True
丁子君,True
蘇州宇文宙武,True
Alexander_Misel,True
Argon_Pub,True
Nbfreeh,True
Clear_Sky_C,True
鱼头炮,True
Tocqueville.z,True
太子太保啦啦,True
Dqwyy,True
stuttgarts,True
Irc782,True
Fayhoo,True
Snowkylin,True
LDM2060,True
Accdon,True
South_Sniper,True
B422edu,True
晓明酱,True
Mengukurara,True
Stevenfitbit,True
Xu.XY,True
Avenchoi,True
Strange_Jiong,True
Wi24rd,True
EdenXu,True
霧島聖,True
Foxhlchen,True
HelloPeterkirk,True
瑞丽江的河水,True
WQL,True
Hobr,True
梦里幽兰,True
Byeyear,True
Tsuijing,True
Bingoing,True
Machilus,True
Igloo302,True
Lucazhang,True
科学狂人,True
Njzjz,True
火亘,True
空间的拓荒者,True
zhang8223637,True
TanApok,True
唐宇红,True
KaiD_Y,True
Xiaolaohudexinlihua,True
Hikaruangeel,True
SzMithrandir,True
Panzer_VI-II,True
Liaaongix,True
Neworld_zx,True
White_571,True
Zhangzj_cet,True
Z1148059382,True
大道青天,True
Rick_Leung,True
飞贼燕子,True
hyson710,True
Schrodinger_Cat,True
守望者爱孟,True
石家庄小伙,True
Ouyangjun,True
苏你妹~,True
Yangxinghang,True
嘀嘀嘀,True
Zhanghui66,True
Stang,True
金牌雄鹰,True
Erquanmen,True
好大的棉花糖,True
Hurui200320,True
Crazyhill,True
Longer09,True
Minami_Kotori,True
Jvji234,True
北渡秋鸿,True
WAN233,True
Tazkeung,True
特洛卡,True
The_powder_toy,True
AsharaDayne,True
十六夜砕月,True
二十八画公子,True
ArthurLau1997,True
Dudefu,True
ArvinTing,True
Jyxyl9,True
杰里毛斯,True
Lifeingenso,True
Hermers_Wang,True
Zerocnpla,True
Eddie123e,True
否定,True
Shwangtianyuan,True
liyuanzhuo,True
Tianfo,True
Duchenhe,True
Stederlee,True
Myy751259534,True
SpokieKid,True
南宫寒竹,True
Arange_zp,True
Leiem,True
Hal_0005,True
SergeantMitchell,True
Superkune,True
MaxPS,True
HenryXVII,True
Hamish,True
Jsjsjs1111,True
SheepMoods,True
Legolas1024,True
Ngguls,True
宋世怡,True
Ye_Jiluo,True
March_happy,True
Alneth,True
Wuxiena,True
GeekTown,True
Simon_Wade,True
Theodore_Xu,True
Lekost,True
SaltfishJeffery,True
Doraeeemon,True
KirkLU,True
Blissghost,True
Unravel17,True
永远的223系,True
Qq1242380113,True
曦璇,True
Xiezw1999,True
夢蝶葬花,True
Charlie_Qi,True
崇朝其雨,True
Yelets,True
Liuqiuwangguo,True
OuiOK,True
Kiraclyne,True
Zyksnowy,True
邻城,True
Soaring_swallow,True
隔雨听竹,True
Arthas0601,True
Hanzo.W,True
Johnpoint,True
Bt1234567890,True
Li_Song,True
陈宇恒,True
Junjie_Yuan,True
Hacker_Tom,True
Uhaoliu,True
陈云源,True
夏至远行,True
Cyblocker,True
我乃野云鹤,True
TSVC1190,True
Super_Wang,True
Yyfll,True
